,,
,,
2023-08-03-10-46-27-1920x1076-803635791.jpg,"A dramatic, photorealistic view of a rugged, snow-covered mountain peak under a cloudy sky. The rocky surface is marked by deep shadows and snowdrifts. In the background, more peaks rise from a misty layer of fog. The sky appears dark and moody, with thick, wind-blown clouds partially wrapping around the summit. Style: ultra realistic, high detail, natural landscape, 8k, DSLR photography, slightly desaturated color tone, Alps or Himalayas","blurry, poorly lit, unrealistic, cartoonish, distorted, overexposed, underexposed, artifacts, messy edges, AI face, weird shapes, over-saturation, painting style, drawing, artificial look, bad texture, low quality, low resolution, shaky"
2560x1600-px-cable-cars-house-landscape-mountain-nature-photography-ski-lift-ski-lifts-skiing-snow-winter-1035541-1334576843.jpg,"A wide-angle, photorealistic view of a snow-covered alpine valley with ski lifts and scattered mountain huts. The scene is bathed in soft, diffused light from a cloudy sky, with gentle snowfall adding to the atmosphere. Rugged mountain ridges surround the valley, their peaks fading into the mist. Tracks in the snow hint at recent skiing activity. The perspective emphasizes the scale of the landscape and the stillness of winter. Style keywords: ultra realistic, cinematic landscape, high detail, 8k, DSLR photography, soft lighting, cold color tones, atmospheric fog, early morning mood","blurry, low quality, low resolution, overexposed, underexposed, painting style, drawing, cartoon, unrealistic, distorted proportions, noisy, AI artifacts, pixelated, weird textures, unnatural colors, abstract, stylized, messy composition"
6270E0E0-3986-49D4-8719-EDB8EC439FC0_2-1200x800.jpg,"A dramatic black and white aerial view of sharp, snow-covered mountain peaks rising above a deep valley. The rugged rock faces contrast starkly with the smooth snow blankets. Some peaks are piercing through a layer of drifting clouds. The lighting is soft but directional, casting long shadows across the ridges and slopes, emphasizing the raw texture of the terrain. Style keywords: ultra realistic, monochrome, high contrast, sharp detail, fine art photography, cinematic composition, 8k, drone perspective, cold alpine mood","color, blur, low quality, painting, drawing, cartoon, distorted, noisy, overexposed, underexposed, unnatural shapes, artificial textures, low resolution, stylized, digital art look, soft focus, surreal, messy composition"
6270E0E0-3986-49D4-8719-EDB8EC439FC0_2-1200x800.jpg,"A photorealistic aerial view of majestic, snow-covered mountain peaks during golden hour. The rugged ridgelines and steep rock faces are bathed in soft, warm sunlight, casting golden highlights and long shadows. A gentle atmospheric haze softens the distant peaks, creating depth and a dreamlike quality. Some peaks break through low clouds glowing in the warm evening light. The snow subtly reflects the orange and pink hues of the setting sun. Style keywords: golden hour, soft glow, cinematic lighting, ultra realistic, high detail, 8k, drone view, fine art photography, Alps or Himalayas, warm tones, majestic landscape","blurry, low resolution, overexposed, underexposed, cartoon, drawing, painting, stylized, artificial colors, AI artifacts, surreal, distorted shapes, noisy, flat lighting, digital art look, unnatural shadows, messy composition"
6270E0E0-3986-49D4-8719-EDB8EC439FC0_2-1200x800.jpg,"A photorealistic night-time aerial view of towering, snow-covered mountain peaks illuminated by soft moonlight. The scene is bathed in cool, bluish tones, with subtle highlights reflecting off the snow. Jagged ridges cast long, dark shadows across the slopes. Thin layers of clouds drift below some peaks, glowing faintly in the moon’s glow. The night sky is clear, scattered with stars, and the full moon hovers above the horizon, adding a serene, cinematic feel to the composition. Style keywords: night scene, moonlit landscape, ultra realistic, high detail, 8k, fine art photography, drone perspective, cold tones, dramatic shadows, starry sky, peaceful, majestic","daylight, sun, oversaturation, warm tones, blurry, painting, drawing, cartoon, stylized, low quality, artificial lighting, digital art look, surreal, noisy, unnatural glow, messy composition, AI artifacts"
6270E0E0-3986-49D4-8719-EDB8EC439FC0_2-1200x800.jpg,"A photorealistic long-exposure night shot of majestic, snow-covered mountain peaks under a starry sky. Bright star trails arc across the sky, showing the passage of time. The landscape is illuminated by soft, cold moonlight, casting deep shadows and highlighting the rugged textures of the rocky ridges and snow-covered slopes. Some peaks rise above a layer of drifting mist. The scene feels silent, timeless, and vast, with a fine art photography aesthetic. Style keywords: long exposure, star trails, night photography, ultra realistic, high detail, 8k, cinematic composition, moonlit mountains, drone view, cold blue tones, atmospheric, peaceful solitude","short exposure, blurry stars, daylight, painting, drawing, cartoon, overexposed, underexposed, noisy, surreal, stylized, low resolution, artificial textures, messy composition, distorted proportions, digital art look"
20111101_Meru-915-1200x800.jpg,"A photorealistic night-time long exposure shot of a sharp, snow-covered mountain peak towering above a sea of clouds. The stars form subtle trails across the deep blue sky, hinting at the Earth's rotation. The scene is lit by cold moonlight, which highlights the dramatic textures of the rock face and glacial formations. Distant mountain ranges stretch along the horizon, partially hidden by mist and cloud cover. The perspective is cinematic and awe-inspiring, with a peaceful, surreal atmosphere. Style keywords: ultra realistic, long exposure, star trails, night photography, moonlit mountains, 8k, high detail, fine art, drone view, dramatic lighting, cold tones, Himalayan range, dreamlike stillness","short exposure, blurry stars, oversaturation, daylight, painting, cartoon, drawing, stylized, low resolution, noisy, surreal, digital art, soft focus, distorted features, unnatural colors, messy background"
20171222_JChin_Antarctica_3178-Edit-1200x800.jpg,"A photorealistic aerial view of a vast, frozen polar landscape during sunrise. Jagged, black rock spires pierce through an endless white ice sheet, casting long shadows across the snow. The sky is filled with dramatic, high-altitude clouds streaked with soft gold, orange, and blue hues from the rising sun. The composition captures the surreal stillness and extreme remoteness of the scene, evoking a sense of untouched wilderness at the ends of the Earth. Style keywords: ultra realistic, high detail, 8k, sunrise lighting, cold color palette with warm highlights, polar landscape, Antarctica, cinematic composition, drone photography, surreal natural beauty","night, sunset, blurry, oversaturated, painting, cartoon, digital art, low quality, surreal colors, noisy, distorted, soft focus, stylized, AI artifacts, low resolution, artificial glow, flat sky"
glacier-mountains-covered-in-snow-4k-nm-329918856.jpg,"A photorealistic black and white panorama of a dramatic alpine mountain range under heavy, overcast skies. Rugged snow-covered peaks rise in layers, some partially veiled by low-hanging clouds. The lighting is flat and diffused, emphasizing the stark contrast between the snow and the dark rock faces. Deep valleys and forested lower slopes add texture and depth to the scene. The image has a timeless, moody atmosphere reminiscent of classic fine art mountain photography. Style keywords: monochrome, black and white, ultra realistic, high contrast, 8k, fine art photography, Swiss Alps, dramatic clouds, moody landscape, timeless composition","color, oversaturation, sunset, unrealistic, stylized, digital art, painting, cartoon, low resolution, noisy, blurry, distorted shapes, messy textures, soft focus, surreal colors, unnatural composition"
glacier-mountains-covered-in-snow-4k-nm-329918856.jpg,"A photorealistic black and white landscape of a dramatic alpine mountain range, captured in the style of analog film photography. Rugged, snow-covered peaks rise beneath heavy clouds, with subtle atmospheric haze and soft gradients in the sky. The image features natural film grain, high contrast, and slightly rough tonal transitions typical of classic 35mm black-and-white film. The scene feels raw and timeless, with rich textures in the rock faces and deep shadows in the forested valleys below. Style keywords: analog film look, fine art black and white, natural film grain, high contrast, 35mm, Ilford HP5, Tri-X 400, ultra realistic, moody mountainscape, vintage photography, 8k detail, Swiss Alps","digital, color, clean, soft focus, smooth gradients, artificial textures, oversaturation, modern style, cartoon, painting, no grain, low resolution, flat lighting, stylized, surreal look"
Keilir-mountain-iceland-4078869254.jpg,"A photorealistic wide-angle view of a snow-covered volcanic mountain in an isolated Icelandic landscape. The dark, barren ground contrasts sharply with the white snow caps of the conical peaks. Overhead, heavy dramatic clouds stretch across the sky, adding a sense of scale and impending weather. The lighting is soft and diffused, creating a cold, desolate atmosphere. The scene feels remote, untouched, and slightly surreal, like a moment captured at the edge of the world. Style keywords: Iceland, volcanic landscape, Keilir, snow-covered terrain, ultra realistic, high detail, 8k, moody atmosphere, cinematic lighting, minimalist composition, cold tones, alien world vibes","tropical, lush vegetation, oversaturation, cartoon, painting, low quality, distorted shapes, artificial lighting, digital art, blurry, warm tones, colorful sky, stylized look, surreal fantasy elements, messy textures"
Keilir-mountain-iceland-4078869254.jpg,"A photorealistic wide-angle view of the Keilir mountain in Iceland at sunrise. The snow-covered volcanic cone rises from a dark, barren lava field, bathed in soft, golden light. Low-lying mist drifts across the landscape, glowing with warm hues of orange and gold as the first rays of sunlight break through the clouds. The sky is painted with layered morning clouds in pastel shades, enhancing the dreamlike quality. The scene feels remote, peaceful, and majestic — a perfect balance of volcanic harshness and natural beauty. Style keywords: sunrise, golden mist, Icelandic landscape, Keilir volcano, ultra realistic, cinematic lighting, high detail, 8k, soft glow, warm tones, morning atmosphere, fine art photography","night, dark tones, rain, snowstorm, artificial light, cartoon, painting, low resolution, oversaturated, digital art, surreal colors, unrealistic sky, fantasy landscape, messy textures, flat lighting"
LANDSC~1.jpg,"A photorealistic, high-contrast view of a towering, snow-covered mountain peak with sharp ridges and glacial textures. The scene is bathed in crisp daylight under a clear blue sky, highlighting the geometric forms and icy crevasses of the massive slopes. The foreground features forested ridgelines partially covered in snow, adding depth and scale. The mountain rises majestically with pristine white surfaces and shadowed cliffs, evoking the grandeur and clarity of a cold alpine day. Style keywords: ultra realistic, high detail, 8k, sharp mountain textures, glacial formations, alpine landscape, daylight, cinematic clarity, Swiss or French Alps, cold color tones, DSLR-style photography","blurry, painting, low resolution, digital art, stylized, soft focus, oversaturated, surreal colors, cartoon, fantasy, abstract, noisy, artificial look, messy textures, low contrast, flat lighting"
LANDSC~1.jpg,"A photorealistic alpine glacier landscape during golden hour. A towering, snow-covered mountain peak rises above the scene, with warm sunlight casting long shadows across the icy slopes and ridgelines. The glacier surface reflects soft golden and amber tones, creating a striking contrast with the cold blue shadows in crevasses and cliffs. The air is crisp and clear, and the low sun bathes the entire landscape in a cinematic, almost magical glow. Style keywords: golden hour, glacier, long shadows, ultra realistic, high detail, 8k, warm light on cold surfaces, alpine peak, cinematic composition, soft contrast, DSLR photography style, serene and majestic","harsh midday sun, night, oversaturated, blurry, low resolution, painting, drawing, cartoon, stylized, digital art, surreal lighting, flat light, no shadows, artificial glow, noisy textures, low quality"
LANDSC~4.jpg,"A photorealistic telephoto view of a rugged, snow-covered mountain peak at golden hour. The sharp rock faces are partly lit by warm, low-angle sunlight, creating glowing highlights and deep, dramatic shadows across the steep terrain. The contrast between illuminated snow patches and dark cliffs emphasizes the raw, vertical nature of the peak. The sky is softly overcast, enhancing the moody, cinematic atmosphere. The image evokes the sense of isolation, power, and timeless beauty found in high alpine environments. Style keywords: golden hour, high contrast, telephoto perspective, ultra realistic, 8k, sharp textures, alpine peak, warm light on cold rock, DSLR photography, mountain portrait, dramatic light","wide-angle, flat lighting, low resolution, blurry, painting, drawing, cartoon, digital art, artificial colors, oversaturation, surreal elements, messy shadows, soft focus, low contrast"
LANDSC~4.jpg,"A photorealistic telephoto view of a sharp, snow-covered mountain peak partially veiled by thin drifting fog. Warm golden hour light grazes the rugged rock faces, casting glowing highlights through the mist and revealing intricate textures on the snowy slopes. The thin fog clings to the vertical cliffs, creating layers of depth and atmosphere. The sky is soft and moody, with broken clouds filtering the sunlight. The scene feels cinematic and mysterious, capturing the silent power of alpine nature. Style keywords: soft fog, golden hour, ultra realistic, high detail, 8k, telephoto perspective, moody lighting, mountain portrait, glowing haze, DSLR photography, cinematic atmosphere, dramatic alpine scene","clear sky, flat light, painting, cartoon, stylized, oversaturated, digital art, low resolution, blurry, surreal glow, messy fog, exaggerated shadows, artificial color tones, fantasy setting"
LANDSC~2.jpg,"A photorealistic winter landscape of a snow-covered valley at dawn, featuring towering granite cliffs, a reflective river, and soft morning mist. The rising sun casts a gentle blue hue over the scene, with patches of light catching the mountain peaks. Leafless trees and snow-laden pines line the riverbank, mirrored in the calm, icy water. Wisps of fog drift through the forest and linger in the valley, adding a mystical, quiet atmosphere. The composition feels serene and majestic, evoking early winter mornings in Yosemite National Park. Style keywords: ultra realistic, high detail, 8k, cold morning light, foggy atmosphere, river reflection, snow-covered forest, granite cliffs, cinematic landscape, Yosemite style, fine art photography, DSLR capture","midday lighting, warm tones, oversaturated, painting, cartoon, stylized, digital art, low resolution, surreal colors, flat composition, no fog, no reflection, messy textures, artificial lighting"
LANDSC~2.jpg,"A photorealistic winter valley landscape at sunset, featuring massive granite cliffs glowing with orange and amber light. The snow-covered ground and pine trees reflect the golden hues of the setting sun. A calm river runs through the scene, mirroring the sky’s gradient from fiery orange to deep blue. Wisps of mist linger in the forest and between the cliffs, softly diffusing the warm light. The atmosphere is peaceful and cinematic, capturing the last light of day in a majestic alpine valley like Yosemite. Style keywords: sunset, golden light, warm tones, ultra realistic, 8k, cinematic landscape, glowing cliffs, snowy forest, river reflection, fine art composition, DSLR-style photography, serene atmosphere","cold tones, blue hour, midday light, flat shadows, no color contrast, painting, cartoon, digital art, low quality, blurry, surreal colors, artificial glow, messy composition, exaggerated saturation"
LANDSC3.jpg,"A photorealistic view of the Matterhorn mountain under a pale, overcast sky. The iconic pyramidal peak rises sharply from the alpine landscape, its rugged rock faces partially covered in glaciers and snow. The lighting is soft and diffused, highlighting the textures and dramatic slopes of the mountain without casting harsh shadows. The surrounding landscape is subdued in tone, drawing full attention to the powerful presence of the peak. The composition is clean, focused, and monumental. Style keywords: Matterhorn, ultra realistic, high detail, 8k, minimalist mountain portrait, pale sky, natural lighting, cinematic realism, iconic alpine landmark, fine art landscape photography, subdued colors","sunset, night, oversaturation, stylized, cartoon, painting, digital art, artificial lighting, dramatic glow, blurry, low resolution, surreal elements, messy textures, fantasy style"
mountains-snow-covered-peaks-3024569620.jpg,"A photorealistic high-altitude view of rugged, snow-covered mountain peaks under a partly cloudy sky. The jagged rock formations are sharply defined, with strong contrasts between dark stone and bright snow patches. Soft midday light creates natural highlights without harsh shadows, emphasizing the texture of the craggy ridgelines. The sky features dynamic white clouds against a pale blue background, enhancing the depth and scale of the mountain range. Style keywords: ultra realistic, high contrast, sharp detail, 8k, DSLR-style photography, alpine peaks, snow-covered cliffs, dramatic natural forms, bright ambient light, cinematic mountain portrait","sunset, fog, night, oversaturated, low resolution, painting, cartoon, stylized, surreal colors, digital art, flat lighting, artificial shadows, fantasy elements, soft focus, blurry textures"
NATURE~1.jpg,"A photorealistic black and white image of a rugged mountain range with sharp, snow-covered peaks and deep shadows in the valley. The scene is lit by strong directional sunlight, creating bold contrasts between light and dark areas. The textures of the rock and snow are rendered in fine detail, with dramatic highlights on ridgelines and deep shadows in crevices. The sky is slightly cloudy, enhancing the depth and tonal range. The overall style resembles high-end analog fine art photography shot on medium format film. Style keywords: black and white, fine art mountain photography, high contrast, ultra realistic, 8k, analog look, film grain, deep blacks, snow and rock texture, dramatic lighting, timeless alpine scene","color, oversaturated, low contrast, digital art, cartoon, painting, soft focus, stylized, low resolution, surreal elements, blurry textures, artificial lighting, flat composition, fantasy style"
NATURE~1.jpg,"A photorealistic black and white mountain landscape captured in the style of classic analog film photography. The rugged, snow-dusted peaks are lit by directional sunlight, casting strong highlights and deep shadows that emphasize the harsh texture of the rock. The image has a distinctive film grain, high contrast, and rich tonal depth, characteristic of Kodak Tri-X 400 or Ilford HP5. The sky contains scattered clouds, and the valley is cloaked in shadow, creating a dramatic and timeless fine art composition. Style keywords: black and white, analog film, Kodak Tri-X 400, Ilford HP5, fine art mountain photography, high contrast, natural film grain, 35mm or medium format, ultra realistic, 8k, dramatic alpine scene","color, digital art, oversaturated, smooth texture, clean look, cartoon, stylized, painting, low resolution, flat contrast, artificial glow, digital sharpening, fantasy elements, HDR style"
pexels-photo-2026452-2555909620.jpg,"A photorealistic panoramic view of a snow-covered alpine ridge at sunrise, overlooking multiple layers of mountain ranges fading into the distance. The crisp foreground shows icy textures and sharp ridgelines, while the background reveals soft blue and violet gradients created by atmospheric haze. The sunlight casts gentle highlights on the snowy peaks, while distant ranges remain in cool shadow, creating a vast and peaceful sense of depth. Style keywords: ultra realistic, high detail, 8k, atmospheric perspective, cinematic alpine landscape, layered mountains, cold tones, soft morning light, snow textures, natural gradient sky, fine art photography","flat landscape, foggy foreground, oversaturated, painting, cartoon, digital art, surreal lighting, low resolution, blurry, soft focus, fantasy style, messy composition, harsh shadows"
pexels-photo-2026452-2555909620.jpg,"A photorealistic panoramic view of a snow-covered alpine ridge during golden hour. The mountain peaks in the distance are softly bathed in warm hues of gold, orange, and rose, while the foreground snow glows with soft amber highlights. Layers of mountain ranges fade into the background with atmospheric depth, creating a beautiful gradient from warm tones near the sun to cooler blues in the shadows. The sky transitions smoothly from golden near the horizon to deep blue above. The light is low and directional, casting long shadows and emphasizing texture and form. Style keywords: golden hour, warm tones, cinematic alpine light, ultra realistic, high detail, 8k, snow-covered mountains, atmospheric depth, layered ridgelines, glowing snow, natural light, fine art mountain photography","cold blue tones, midday lighting, night, oversaturation, painting, cartoon, digital art, low resolution, surreal colors, flat light, foggy haze, blurry textures, artificial glow"
SfYgrv-1424726675.jpg,"A photorealistic panoramic view of a vast snow-covered mountain range under a deep blue sky. Towering jagged peaks rise dramatically in the background, their rocky faces partially cloaked in glaciers and shimmering snow. The foreground features sweeping snowfields and rugged ridgelines, with intricate textures and natural shadows. Wispy cirrus clouds stretch across the sky, enhancing the scale and clarity of the scene. The air is crisp and clear, the light is bright and direct, highlighting the grand beauty of the alpine wilderness. Style keywords: ultra realistic, high detail, 8k, panoramic alpine landscape, snow-covered peaks, clear atmosphere, dramatic mountains, DSLR-style photography, natural contrast, epic scale, cinematic realism","foggy, low visibility, soft focus, painting, cartoon, oversaturated, low resolution, digital art, surreal colors, fantasy style, flat lighting, messy textures, stylized elements"
SfYgrv-1424726675.jpg,"A photorealistic panoramic view of a snow-covered alpine landscape at sunset. The towering mountain peaks in the background glow with golden and orange light, while long shadows stretch across the ridges and valleys. In the foreground, a small wooden mountain hut sits nestled in the snow, partially surrounded by pine trees and ski tracks leading away from it. The snow reflects the warm hues of the setting sun, creating a soft amber glow on the surface. The sky is painted in rich gradients of orange, pink, and violet, with wispy clouds drifting above the peaks. The atmosphere is serene and cinematic, evoking peaceful solitude in a majestic high-altitude winter scene. Style keywords: golden hour, sunset, warm light, snow-covered peaks, mountain hut, ski tracks, cinematic alpine landscape, ultra realistic, 8k, high detail, fine art photography, peaceful, glowing snow, dramatic mountains","cold tones, fog, flat light, midday, painting, cartoon, stylized, digital art, low resolution, no tracks, no hut, blurry textures, artificial lighting, oversaturation, surreal sky, fantasy elements"
snow-mountains-stones-4k-s3-4228441844.jpg,"A photorealistic night-time alpine landscape under a partly cloudy sky filled with stars. Snow-covered mountain peaks rise dramatically in the moonlight, with subtle highlights revealing the texture of the ridgelines. The sky glows faintly behind the clouds, creating soft gradients of deep blue and grey. Pine forests dot the lower slopes, and the scene is silent and still, evoking the solitude of a clear winter night in the mountains. The lighting is low and natural, with a fine art composition and cinematic mood. Style keywords: night landscape, starlit sky, moonlit mountains, snow-covered peaks, ultra realistic, high detail, 8k, cinematic alpine atmosphere, DSLR photography, peaceful and silent, winter night, soft lighting, atmospheric depth","daylight, sunset, oversaturation, painting, cartoon, stylized, surreal colors, digital art, harsh shadows, flat sky, low resolution, blurry, artificial lighting, fantasy elements"
snow-mountains-stones-4k-s3-4228441844.jpg,"A photorealistic night-time alpine landscape with the Northern Lights (Aurora Borealis) glowing above the mountain ridge. Snow-covered peaks rise beneath a starry sky, with soft moonlight illuminating the icy slopes and pine-covered valleys. The aurora shimmers in shades of green, teal, and violet, casting a faint glow on the snow below and dancing across the sky in smooth, flowing waves. The scene is peaceful, majestic, and cinematic, capturing the quiet power of winter wilderness under the magic of the aurora. Style keywords: aurora borealis, northern lights, night mountains, snow-covered peaks, ultra realistic, 8k, high detail, fine art photography, moonlit alpine landscape, cinematic lighting, atmospheric depth, starlit sky","sunlight, sunrise, oversaturation, painting, cartoon, surreal colors, digital art, low resolution, harsh lighting, daytime, flat sky, blurry, messy textures, fantasy landscape"
snow-mountains-stones-4k-s3-4228441844.jpg,"A photorealistic night-time alpine scene with the Northern Lights dancing across the sky above snow-covered mountain peaks. In the foreground, the silhouette of a small wooden hut with warm light glowing from the window, or a lone person standing with a headlamp shining softly onto the snow. The mountains are illuminated by faint moonlight, and the aurora glows in green and violet waves, casting ethereal colors across the sky and landscape. The atmosphere is calm, magical, and deeply immersive — a quiet moment in the winter wilderness under the northern lights. Style keywords: aurora borealis, northern lights, moonlit mountains, snow, alpine hut silhouette, person with headlamp, ultra realistic, high detail, 8k, cinematic lighting, atmospheric nightscape, fine art photography, storytelling composition","daylight, bright sun, surreal lighting, cartoon, painting, low resolution, digital art, oversaturation, fantasy environment, soft focus, blurry textures, flat sky, messy shadows"
tall-snowy-mountain-2185805939.jpg,"A photorealistic view of a towering, snow-covered mountain peak rising above dark foothills. The scene is captured on a clear, crisp day with a bright blue sky and minimal clouds. The sunlight illuminates the icy ridges and sharp rock faces, emphasizing the massive scale and clean lines of the mountain. In the foreground, rolling hills and forests provide contrast against the bright snow-covered slopes. The atmosphere is grand, peaceful, and sharply detailed — a celebration of alpine majesty in perfect weather conditions. Style keywords: ultra realistic, high detail, 8k, clear sky, majestic snow-covered mountain, Mount Cook style, DSLR photography, atmospheric perspective, cold tones, natural lighting, fine art landscape","fog, overcast, night, cartoon, painting, stylized, digital art, low resolution, soft focus, surreal colors, oversaturation, flat lighting, messy textures, fantasy elements"
wp4853029-4228951294.jpg,"A photorealistic mountain landscape featuring massive snow-covered peaks and a heavily crevassed glacier descending from the summit. The sunlight reveals dramatic textures in the snowpack, with avalanche lines, icy ridges, and rock outcroppings sharply defined. In the foreground, green alpine trees and early-spring foliage provide contrast and scale, standing against the towering white mountains. The sky is clear with a few wispy clouds, enhancing the crispness and visual clarity of the high-altitude scene. Style keywords: ultra realistic, high detail, 8k, snow and ice textures, alpine glacier, dramatic ridges, sunlight and shadows, foreground trees, spring meets winter, cinematic mountain photography, DSLR-style","fog, flat lighting, painting, cartoon, low resolution, digital art, oversaturation, soft focus, stylized look, fantasy landscape, blurry textures, surreal elements"
wp4853029-4228951294.jpg,"A photorealistic alpine glacier landscape at sunset, with golden light spilling over the snow-covered peaks and ridgelines. The heavily crevassed glacier reflects the warm hues of the setting sun — glowing in soft tones of amber, peach, and gold. The rugged ice structures and avalanche paths are highlighted with subtle contrast, while the surrounding rock faces and forested foothills fall into gentle shadow. In the foreground, alpine trees and spring foliage catch the last warm light. The sky is filled with glowing clouds, fading from fiery orange near the horizon to soft violet and blue higher up. The atmosphere is majestic and peaceful, capturing the powerful beauty of winter at day’s end. Style keywords: golden hour, glowing glacier, sunset mountainscape, ultra realistic, 8k, warm light on snow, crevassed ice, high detail, fine art alpine photography, cinematic composition, DSLR-style","cold tones, midday lighting, overcast, painting, cartoon, digital art, low resolution, soft focus, surreal colors, fantasy elements, flat shadows, no sunset glow, blurry textures"
Xqcy5O-448819992.jpg,"A photorealistic view of a towering, snow-covered mountain with steep vertical rock faces and sharp ridgelines. The summit is partially covered by a wispy cloud, adding a sense of movement and scale. The bright daylight casts crisp shadows across the rugged surface, highlighting the dramatic contrast between snow, ice, and exposed rock. Surrounding peaks stretch into the distance under a clear blue sky streaked with high-altitude clouds. The mountain stands tall and isolated, exuding power, clarity, and pristine alpine beauty. Style keywords: ultra realistic, high detail, 8k, sharp textures, alpine summit, vertical rock face, snow-covered peak, cinematic landscape, crisp daylight, DSLR photography, fine art mountain view, aerial perspective","foggy, flat light, painting, cartoon, digital art, low resolution, soft focus, stylized, surreal look, oversaturation, fantasy scene, blurry textures, flat composition"
Xqcy5O-448819992.jpg,"A photorealistic view of a massive, snow-covered mountain with steep rock faces and jagged ridgelines. A small helicopter hovers near the peak, providing a dramatic sense of scale against the towering vertical cliffs. Below, a lone mountaineer is climbing a snow-covered ridge, roped in and equipped with alpine gear. The midday sunlight casts sharp shadows across the rugged terrain, enhancing the contrast between ice, rock, and snow. Wispy clouds drift around the summit, and high-altitude clouds stretch across the deep blue sky. The scene feels powerful, majestic, and adventurous — a snapshot of extreme alpine exploration. Style keywords: ultra realistic, high detail, 8k, cinematic mountain view, helicopter for scale, alpine climber, snow and ice textures, vertical peak, DSLR-style, crisp lighting, fine art landscape, heroic mood","no scale, flat landscape, cartoon, painting, digital art, soft focus, low resolution, surreal colors, fantasy, no details, blurry textures, artificial lighting, low contrast"